release,category,documented_change,analytical_relevance,evidence_status,source_url,source_snapshot,retrieved_at_utc,causality_boundary
25.12,disease ontology and mapping,"OnToma was rewritten and phenotype mapping was enhanced for ClinGen, Gene2Phenotype, Orphanet, Genomics England PanelApp, IMPC, Gene Burden and Pharmacogenetics.",Disease identifiers and association support may move when source phenotypes are normalised differently.,official_release_note,https://github.com/opentargets/platform-docs/blob/main/release-notes.md,provenance/source_audit/release_metadata/release-notes.md,2026-08-24T16:04:19.092457+00:00,Context only; association-level records are required before attributing a ranking change.
25.12,target identifiers,Ensembl 115 data were incorporated.,Target roster and annotation changes are plausible and must be audited by stable Ensembl gene identifier.,official_release_note,https://github.com/opentargets/platform-docs/blob/main/release-notes.md,provenance/source_audit/release_metadata/release-notes.md,2026-08-24T16:04:19.092457+00:00,The release note does not establish that any observed association change was caused by the Ensembl update.
25.12,association scoring,"The tagged implementation uses a 100,000-term harmonic normaliser; the later implementation changes the numerical normaliser and component cap.",The release-native overall score remains the common conceptual endpoint but numerical invariance across 25.12 to 26.03 cannot be assumed.,official_release_tagged_code,https://github.com/opentargets-archive/platform-etl-backend/blob/v25.12.0/src/main/scala/io/opentargets/etl/backend/Association.scala,not_archived_code_citation,2026-08-24T16:04:19.092457+00:00,The known implementation discontinuity is reported separately from evidence-count change and is not described as biological evidence revision.
25.12,evidence source additions/removals,"PROGENy, SLAPenrich and Gene Signatures (SysBio) were removed from the associations view; release data also include updates from Probes&Drugs, Reactome and EVA through ClinVar.",Datasource support may leave or enter release-native rosters.,official_release_note,https://github.com/opentargets/platform-docs/blob/main/release-notes.md,provenance/source_audit/release_metadata/release-notes.md,2026-08-24T16:04:19.092457+00:00,Only the downloaded association rows can establish whether a particular pair changed.
25.12,genetics,"GWAS Catalog credible sets increased by 78%; COLOC-PIP was added, multi-ancestry GWAS SuSiE credible sets were removed and Enhancer-to-Gene predictions were exposed.",Genetic association and gwas_credible_sets remain prespecified sensitivity objects but their support can change materially.,official_release_note,https://github.com/opentargets/platform-docs/blob/main/release-notes.md,provenance/source_audit/release_metadata/release-notes.md,2026-08-24T16:04:19.092457+00:00,Release coincidence does not assign a genetic-pipeline cause to an individual ranking change.
25.12,clinical mining,No new clinical-mining pipeline was documented for this release.,No release-specific clinical-mining mechanism is assigned.,no_specific_change_identified,https://github.com/opentargets/platform-docs/blob/main/release-notes.md,provenance/source_audit/release_metadata/release-notes.md,2026-08-24T16:04:19.092457+00:00,Absence from release highlights is not evidence that underlying clinical records were unchanged.
25.12,literature mining,No release-specific literature-pipeline change was documented in the release highlights.,Literature-sensitive changes require association-level datasource support rather than temporal inference.,no_specific_change_identified,https://github.com/opentargets/platform-docs/blob/main/release-notes.md,provenance/source_audit/release_metadata/release-notes.md,2026-08-24T16:04:19.092457+00:00,No causal interpretation is assigned.
25.12,drug data,"ChEMBL 36 introduced updated molecules, indications and drug warnings.",Known-drug support may change but the later clinical_precedence object is not assumed to be a rename of chembl.,official_release_note,https://github.com/opentargets/platform-docs/blob/main/release-notes.md,provenance/source_audit/release_metadata/release-notes.md,2026-08-24T16:04:19.092457+00:00,Drug-data timing alone cannot explain a disease-target score revision.
25.12,dataset schema,Download files were split by datasource.,The required association_by_datasource_direct dataset is source-specific and its physical fields are closed in the release schema.,official_release_note,https://github.com/opentargets/platform-docs/blob/main/release-notes.md,provenance/source_audit/release_metadata/release-notes.md,2026-08-24T16:04:19.092457+00:00,Schema organisation is not itself a biological change.
25.12,infrastructure-only change,Platform pipeline orchestration underwent large-scale refactoring.,This is retained as operational context and excluded from direct scientific attribution.,official_release_note,https://github.com/opentargets/platform-docs/blob/main/release-notes.md,provenance/source_audit/release_metadata/release-notes.md,2026-08-24T16:04:19.092457+00:00,Infrastructure context is not used as a cause of ranking change.
25.12,uncertain relevance,Measurement traits were filtered by default in the target association view but could be restored by the user.,This is a user-interface default and does not demonstrate removal from the bulk direct-association datasets.,official_release_note_uncertain_endpoint_relevance,https://github.com/opentargets/platform-docs/blob/main/release-notes.md,provenance/source_audit/release_metadata/release-notes.md,2026-08-24T16:04:19.092457+00:00,The bulk files determine analytical support.
26.03,disease ontology and mapping,Approximately 300 overlapping disease-phenotype terms were merged or removed to resolve ontology duplications.,Apparent entrants and exits may be mapping-affected and require explicit identifier evidence.,official_release_note,https://github.com/opentargets/platform-docs/blob/main/release-notes.md,provenance/source_audit/release_metadata/release-notes.md,2026-08-24T16:04:19.092457+00:00,Ontology context cannot by itself prove that a pair changed only because of mapping.
26.03,target identifiers,"The release reports 78,691 targets but no specific stable-target identifier migration.",Exact Ensembl gene identifiers remain mandatory and annotation changes are audited separately.,no_specific_identifier_change_identified,https://github.com/opentargets/platform-docs/blob/main/release-notes.md,provenance/source_audit/release_metadata/release-notes.md,2026-08-24T16:04:19.092457+00:00,Release-level target counts do not establish identifier continuity for an individual target.
26.03,association scoring,"Novelty and time-series calculations were integrated into a unified association schema; minor API and web-interface default-setting inconsistencies were aligned. Tagged code uses a 1,000-term harmonic normaliser and top-50 component cap.",The release-provided overall score remains primary; the 25.12 transition has a documented implementation discontinuity and later contextual fields are excluded from the common estimand.,official_release_note_and_tagged_code,https://github.com/opentargets-archive/pts/blob/v26.03.0/src/pts/pyspark/associations_utils/dataset.py,not_archived_code_citation,2026-08-24T16:04:19.092457+00:00,Raw release-native score change includes implementation change and must not be called pure evidence revision.
26.03,evidence source additions/removals,"Clinical Precedence became a new evidence feed, with new ClinVar and ClinPGx data through EVA and updates from STRING and IntAct.",The datasource inventory treats clinical_precedence as a new definition rather than a rename of chembl.,official_release_note,https://github.com/opentargets/platform-docs/blob/main/release-notes.md,provenance/source_audit/release_metadata/release-notes.md,2026-08-24T16:04:19.092457+00:00,Association rows are required to trace any particular top-set change.
26.03,genetics,"The GWAS Catalog update added 710 studies and more than 5,000 credible sets; rE2G features were added to Locus-to-Gene and an LD-liftover correction affected fewer than 1% of credible sets.",Genetic sensitivity remains comparable by release-provided datatype and datasource scores while support changes are expected.,official_release_note,https://github.com/opentargets/platform-docs/blob/main/release-notes.md,provenance/source_audit/release_metadata/release-notes.md,2026-08-24T16:04:19.092457+00:00,No case-level causal attribution follows from the release note.
26.03,clinical mining,"A new clinical-mining pipeline integrated AACT, ChEMBL curated indications and warnings, TTD, EMA and PMDA and supplied Clinical Precedence evidence.",The change creates a source-definition break relative to the 25.12 chembl datasource label.,official_release_note,https://github.com/opentargets/platform-docs/blob/main/release-notes.md,provenance/source_audit/release_metadata/release-notes.md,2026-08-24T16:04:19.092457+00:00,Clinical-pipeline timing is contextual until association-level support is traced.
26.03,literature mining,No specific literature-mining implementation change was documented in the release highlights.,Literature effects are not assigned for this transition without datasource-level evidence.,no_specific_change_identified,https://github.com/opentargets/platform-docs/blob/main/release-notes.md,provenance/source_audit/release_metadata/release-notes.md,2026-08-24T16:04:19.092457+00:00,No causal interpretation is assigned.
26.03,drug data,"The clinical pipeline integrated ChEMBL indications and warnings with AACT, TTD, EMA and PMDA; the release reports 22,230 drugs and compounds.",Drug and clinical evidence definitions changed and must be kept distinct from the earlier chembl datasource label.,official_release_note,https://github.com/opentargets/platform-docs/blob/main/release-notes.md,provenance/source_audit/release_metadata/release-notes.md,2026-08-24T16:04:19.092457+00:00,Release totals do not attribute an association-score change.
26.03,dataset schema,"Association outputs moved to a unified schema with aggregationType, aggregationValue, associationScore, embedded timeseries and novelty fields.",Downstream code must assert the selector and explicitly map associationScore to the internal score field; added novelty fields do not enter the primary estimand.,official_release_note_and_observed_schema,https://github.com/opentargets/platform-docs/blob/main/release-notes.md,provenance/source_audit/release_metadata/release-notes.md,2026-08-24T16:04:19.092457+00:00,Schema reconciliation is explicit and is not interpreted as biological evidence change.
26.03,infrastructure-only change,"AWS Open Data access was introduced, non-search datasets moved from OpenSearch to ClickHouse and end-to-end testing was implemented.",These changes concern access and service infrastructure rather than the frozen bulk-data estimand.,official_release_note,https://github.com/opentargets/platform-docs/blob/main/release-notes.md,provenance/source_audit/release_metadata/release-notes.md,2026-08-24T16:04:19.092457+00:00,Infrastructure context is not used as a cause of ranking change.
26.03,uncertain relevance,API and web-interface default settings were aligned after minor scoring inconsistencies.,The statement concerns serving defaults and does not by itself establish a change in the downloaded default-weight overall score.,official_release_note_uncertain_endpoint_relevance,https://github.com/opentargets/platform-docs/blob/main/release-notes.md,provenance/source_audit/release_metadata/release-notes.md,2026-08-24T16:04:19.092457+00:00,The release-specific bulk bytes and tagged implementation control the analytical score.
26.06,disease ontology and mapping,EFO 3.88 replaced many disease identifiers with Mondo identifiers and the Platform adopted those ontology changes.,A large explicit replacement stratum is expected and must remain separate from stable-identifier comparisons.,official_release_note,https://github.com/opentargets/platform-docs/blob/main/release-notes.md,provenance/source_audit/release_metadata/release-notes.md,2026-08-24T16:04:19.092457+00:00,Only explicit record-level replacement evidence supports mapping.
26.06,target identifiers,"The target count remained 78,691; isoform-specific subcellular-location metadata were added, but no stable-target identifier migration was documented.",Stable Ensembl identifiers remain the mapping key and target annotation fields remain sensitivity attributes.,no_specific_identifier_change_identified,https://github.com/opentargets/platform-docs/blob/main/release-notes.md,provenance/source_audit/release_metadata/release-notes.md,2026-08-24T16:04:19.092457+00:00,Target-count equality is not proof that all target annotations are unchanged.
26.06,association scoring,No new core association-score equation or normaliser change was identified relative to the tagged 26.03 implementation.,The same later-release associationScore selector contract is retained; observed changes remain release sensitivity.,official_tagged_code_continuity,https://github.com/opentargets-archive/pts/blob/v26.6.0/src/pts/pyspark/associations_utils/association.py,not_archived_code_citation,2026-08-24T16:04:19.092457+00:00,Implementation continuity does not assign evidence-source causality.
26.06,evidence source additions/removals,"The release added an NHSE Genomic Medicine Service PanelApp panel, newer IMPC and GWAS Catalog data, and large clinical and literature pipeline updates.",Release-native support can expand or contract; datasource labels alone do not reveal row-level causes.,official_release_note,https://github.com/opentargets/platform-docs/blob/main/release-notes.md,provenance/source_audit/release_metadata/release-notes.md,2026-08-24T16:04:19.092457+00:00,Pair-level support must be traced before attribution.
26.06,genetics,"More than 14,000 GWAS Catalog studies from 111 publications added 27,689 credible sets and more than 105,000 variants; two trans-pQTL features were added to Locus-to-Gene.",Genetic support changes are expected while genetic_association and gwas_credible_sets retain stable labels.,official_release_note,https://github.com/opentargets/platform-docs/blob/main/release-notes.md,provenance/source_audit/release_metadata/release-notes.md,2026-08-24T16:04:19.092457+00:00,No individual ranking change is assigned to a genetic feature without source-level evidence.
26.06,clinical mining,"AACT drug-disease extraction was refined, adding 4,742 clinical reports, 32,518 drug-indication pairs and 292,325 clinical-precedence evidence records.",Clinical Precedence retains its label but its content changes materially across the transition.,official_release_note,https://github.com/opentargets/platform-docs/blob/main/release-notes.md,provenance/source_audit/release_metadata/release-notes.md,2026-08-24T16:04:19.092457+00:00,Temporal alignment is contextual rather than causal proof.
26.06,literature mining,"Ontology grounding, entity disambiguation and co-occurrence generation were updated, including stricter filtering of ambiguous mappings.",Literature support may drive release-native roster change and must be tested from release-provided datasource scores.,official_release_page,https://blog.opentargets.org/open-targets-platform-26-06-has-been-released/,not_archived_page_citation,2026-08-24T16:04:19.092457+00:00,The documented change cannot be assigned as the cause of a particular target-rank change without association-level support.
26.06,drug data,ChEMBL 37 was incorporated and molecular structure images were updated.,Drug-evidence content can change while image changes are outside the analytical endpoint.,official_release_note,https://github.com/opentargets/platform-docs/blob/main/release-notes.md,provenance/source_audit/release_metadata/release-notes.md,2026-08-24T16:04:19.092457+00:00,The ChEMBL update does not establish causality for an association change.
26.06,dataset schema,The association datasets retain the 26.03 unified aggregation schema; target subcellular-location metadata include release-specific additions.,The later-release selector contract is stable while contextual target fields remain release-specific.,observed_release_schema_and_official_note,https://open-targets-public-data-releases.s3.eu-west-1.amazonaws.com/platform/26.06/croissant.json,provenance/source_audit/release_metadata/26.06_croissant.json,2026-08-24T16:04:19.092457+00:00,Schema continuity and metadata additions are not biological causal claims.
26.06,infrastructure-only change,"Release-management revisions, a public Helm Chart initiative, migration to Otter 26 and a workflow step for AWS loading were documented.",These are retained as infrastructure context and excluded from scientific attribution.,official_release_note,https://github.com/opentargets/platform-docs/blob/main/release-notes.md,provenance/source_audit/release_metadata/release-notes.md,2026-08-24T16:04:19.092457+00:00,Infrastructure context is not used as a cause of ranking change.
26.06,uncertain relevance,"The release notes report approximately 600,000 direct associations removed by literature updates, whereas the official release page reports 60,000 losing literature support; baseline-expression and interface changes also lie outside the frozen association endpoint.",The ten-fold discrepancy is preserved as unresolved contextual metadata and neither number is used as a quantitative analytical result.,official_sources_conflict,https://github.com/opentargets/platform-docs/blob/main/release-notes.md;https://blog.opentargets.org/open-targets-platform-26-06-has-been-released/,provenance/source_audit/release_metadata/release-notes.md;not_archived_page_citation,2026-08-24T16:04:19.092457+00:00,The downloaded association data rather than either contextual total controls the study.
